"","ID","hcscore","psm_m","gender","race","education","pwb_pmean","pwb_pmc","pwb_z","neur","extra","consc","agree","open","neur_z","extra_z","consc_z","agree_z","open_z","iwah_a","iwah_c","iwah_w","iwah_m","lgs_m_t1","lgs_m_t5","lgs_m_t9","lgs._t_t1","lgs._t_t5","lgs._t_t9","income_t1","income_t2","income_t3","income_t4","income_t5","income_t6","income_t7","income_t8","income_t9","ag_m_t1","ag_m_t5","ag_m_t9","con_m_t1","con_m_t5","con_m_t9","ext_m_t1","ext_m_t5","ext_m_t9","neuro_m_t1","neuro_m_t5","neuro_m_t9","open_m_t1","open_m_t5","open_m_t9"
"1",1,5,3.625,1,1,2,4.104761905,0.538095238,-0.372586284,3.416666667,3.166666667,3.208333333,4,4.291666667,1.732882347,-0.582137355,-1.287722436,0.165588325,1.707158002,NA,NA,NA,NA,2.35,2.05,NA,47,41,NA,3,3,2,2,3,NA,NA,NA,NA,4.08333333,3.91666667,NA,3.08333333,3.33333333,NA,3.33333333,3,NA,3.33333333,3.5,NA,4.33333333,4.25,NA
"2",2,4,3.16666667,1,1,2,5.216931217,0.425925926,1.101015181,2.083333333,3.583333333,3.638888889,3.805555556,3.833333333,-0.355267388,0.269458194,-0.480874548,-0.291110439,0.730757808,3.666666667,3.333333333,3,3.333333333,2.15,1.65,2.1,43,33,42,9,9,9,8,12,8,9,6,7,3.91666667,3.83333333,3.66666667,3.5,3.66666667,3.75,3.58333333,3.66666667,3.5,1.91666667,2.33333333,2,4.25,3.66666667,3.58333333
"3",3,NA,3.83333333,1,1,4,5.08994709,-0.066137566,0.188785703,1.916666667,3.611111111,4.027777778,3.916666667,3.333333333,-0.616286105,0.32623123,0.247891287,-0.030139717,-0.334406039,3.222222222,3.777777778,3,3.333333333,1.85,1.95,1.9,37,39,38,9,8,9,8,10,12,13,11,12,3.83333333,3.91666667,4,4,3.91666667,4.16666667,3.66666667,3.5,3.66666667,1.75,2,2,3.25,3.16666667,3.58333333
"4",4,2,3.20833333,1,1,3,4.87037037,-0.013227513,-0.056814541,2.555555556,3.555555556,4.027777778,3.527777778,3.027777778,0.384285643,0.212685157,0.247891287,-0.943537245,-0.985339502,4,3.666666667,3.777777778,3.814814815,1.7,1.7,2.1,34,34,42,4,13,13,4,5,6,6,6,6,3.5,3.41666667,3.66666667,4.16666667,3.83333333,4.08333333,3.5,3.58333333,3.58333333,2.66666667,2.66666667,2.33333333,2.91666667,3,3.16666667
"5",5,3,2.5,1,1,3,3.687830688,-0.44973545,-2.442645485,3.694444444,2.277777778,3.5,3.611111111,3.388888889,2.167913542,-2.398874525,-0.74114806,-0.747809203,-0.216054501,3.666666667,2.777777778,1.888888889,2.777777778,1.35,0.9,0.95,27,18,19,4,3,3,2,4,4,5,3,3,3.58333333,3.75,3.5,3.75,3.16666667,3.58333333,2.25,2.33333333,2.25,3.91666667,3.75,3.41666667,3.5,3.5,3.16666667
"6",6,2,3.41666667,1,1,4,5.058201058,0.060846561,0.329128699,2.138888889,3.222222222,3.583333333,4.138888889,3.305555556,-0.268261149,-0.468591282,-0.584983953,0.491801728,-0.393581809,3.222222222,4.777777778,2,3.333333333,2.35,2.5,1.65,47,50,33,4,4,4,4,5,4,5,5,5,4.25,4.08333333,4.08333333,3.75,3.75,3.25,3.08333333,3.41666667,3.16666667,2.33333333,1.91666667,2.16666667,3.5,3.33333333,3.08333333
"7",7,2,4.25,0,1,3,3.740740741,0.187830688,-1.425158759,2.972222222,3.527777778,2.861111111,3.25,4.027777778,1.036832435,0.15591212,-1.938406216,-1.595964051,1.144988193,4.333333333,4.333333333,3.333333333,4,2,1.55,2,40,31,40,6,6,4,4,5,6,9,8,8,3,3.25,3.5,2.83333333,2.41666667,3.33333333,3.5,3.25,3.83333333,3.08333333,3.41666667,2.41666667,3.83333333,4,4.25
"8",8,4,3.83333333,1,2,3,3.978835979,0.354497354,-0.828701023,3.222222222,3.916666667,4.138888889,3.5,3.333333333,1.42836051,0.950734632,0.456110096,-1.008779925,-0.334406039,2.666666667,2.222222222,2.555555556,2.481481481,2.35,2.25,2.55,47,45,51,1,1,1,1,1,1,1,1,1,3.58333333,3.66666667,3.25,4.33333333,4,4.08333333,4.33333333,3.58333333,3.83333333,3.16666667,3.33333333,3.16666667,3.41666667,3.16666667,3.41666667
"9",9,1,3.58333333,1,1,2,4.801587302,0.365079365,0.399300198,2.388888889,3.805555556,3.916666667,3.833333333,2.888888889,0.123266926,0.723642486,0.039672477,-0.225867759,-1.281218348,3.111111111,4,2.444444444,3.185185185,2.25,2.3,2,45,46,40,3,13,3,3,4,3,3,4,4,4,3.66666667,3.83333333,4.25,3.75,3.75,3.91666667,4,3.5,2.08333333,2.83333333,2.25,2.75,3,2.91666667
"10",10,NA,4.125,1,2,2,5.354497354,0.407407407,1.276443927,1.972222222,3.111111111,4.333333333,4.277777778,2.916666667,-0.529279866,-0.695683428,0.820493013,0.818015131,-1.222042579,3.5,3.625,3.111111111,3.412037037,2.3,2.55,2.1,46,51,42,3,4,13,4,7,4,3,3,3,4.33333333,4.25,4.25,4.16666667,4.75,4.08333333,3.16666667,3.58333333,2.58333333,1.83333333,1.66666667,2.41666667,2.91666667,3.08333333,2.75
"11",11,4,4.25,0,1,4,4.764550265,-0.240740741,-0.54801503,2.555555556,2.888888889,3.5,3.472222222,4.611111111,0.384285643,-1.14986772,-0.74114806,-1.074022606,2.387679349,3.444444444,3.666666667,4,3.703703704,2.5,2.65,2.45,50,53,49,5,3,2,3,3,3,3,2,2,3.08333333,3.75,3.58333333,3.41666667,3.58333333,3.5,2.66666667,2.83333333,3.16666667,2.91666667,2.83333333,1.91666667,4.58333333,4.66666667,4.58333333
"12",12,3,2.75,1,1,3,4.455026455,-0.383597884,-1.214644264,2.805555556,3.444444444,4.083333333,3.638888889,3.75,0.775813718,-0.014406989,0.352000691,-0.682566523,0.5532305,3.666666667,3.555555556,3,3.407407407,1.7,1.8,1.5,34,36,30,3,3,13,3,4,5,5,3,4,3.5,3.58333333,3.83333333,4.16666667,3.91666667,4.16666667,3.33333333,3.5,3.5,2.83333333,2.83333333,2.75,3.83333333,3.75,3.66666667
"13",13,3,3.70833333,1,1,2,5.567460317,-0.281746032,0.574728944,1.333333333,4,4.666666667,4.666666667,3.75,-1.529851614,1.121053742,1.445149443,1.731412659,0.5532305,4.333333333,4.111111111,4.111111111,4.185185185,1.75,2.05,NA,35,41,NA,4,4,4,4,5,5,NA,NA,NA,4.83333333,4.5,NA,4.83333333,4.5,NA,4.08333333,3.91666667,NA,1.16666667,1.5,NA,3.91666667,3.58333333,NA
"14",14,4,4.33333333,1,2,4,5.447089947,0.052910053,0.890500686,1.222222222,3.361111111,4.861111111,4.305555556,3.055555556,-1.703864092,-0.184726099,1.80953236,0.883257811,-0.926163733,4,4.222222222,3.888888889,4.037037037,2.8,2.8,2.95,56,56,59,4,3,3,3,3,NA,3,3,3,4.41666667,4.25,4.25,4.91666667,4.83333333,4.83333333,3.5,3.41666667,3.16666667,1.33333333,1,1.33333333,3.16666667,2.75,3.25
"15",15,NA,3.91666667,0,1,4,4.521164021,0.478835979,0.153699954,3.055555556,2.777777778,3.833333333,3.694444444,3.5,1.167341794,-1.376959867,-0.116491631,-0.552081161,0.020648576,4.222222222,4.111111111,3.555555556,3.962962963,2.2,1.55,1.75,44,31,35,4,13,13,13,4,4,5,4,4,3.75,3.5,3.83333333,3.91666667,3.66666667,3.91666667,2.91666667,2.66666667,2.75,3,3.5,2.66666667,3.66666667,3.33333333,3.5
"16",16,5,4.08333333,1,1,4,5.558201058,0.346560847,1.486958422,1.555555556,4.222222222,4.444444444,3.861111111,3.527777778,-1.181826658,1.575238035,1.028711823,-0.160625078,0.079824346,3,3.777777778,3,3.259259259,2.45,2.5,2.05,49,50,41,6,4,13,13,4,3,4,5,3,4.08333333,3.75,3.75,4.58333333,4.58333333,4.16666667,4.16666667,4.41666667,4.08333333,1.33333333,1.41666667,1.91666667,3.83333333,3.41666667,3.33333333
"17",17,NA,3.08333333,0,1,4,4.261904762,0.333333333,-0.442757782,2,2.75,4.25,3.416666667,3.416666667,-0.485776747,-1.433732903,0.664328906,-1.204507967,-0.156878732,NA,NA,NA,NA,2.1,NA,NA,42,NA,NA,4,13,NA,NA,NA,NA,NA,NA,NA,3.41666667,NA,NA,4.25,NA,NA,2.75,NA,NA,2,NA,NA,3.41666667,NA,NA
"18",18,5,4.70833333,0,1,4,4.007936508,0.111111111,-1.144472765,3.777777778,2.916666667,3.361111111,3.777777778,3.888888889,2.2984229,-1.093094684,-1.001421572,-0.35635312,0.849109347,3.777777778,3.333333333,4.555555556,3.888888889,2.65,2.3,2.25,53,46,45,4,4,4,4,5,5,4,5,5,3.83333333,3.66666667,3.83333333,3.5,3.25,3.33333333,2.75,3,3,3.66666667,4,3.66666667,3.66666667,4,4
"19",19,2,3.79166667,1,2,2,5.013227513,-0.108465608,0.013356957,1.833333333,3.722222222,4.027777778,4.111111111,3.027777778,-0.746795463,0.553323376,0.247891287,0.426559047,-0.985339502,3.666666667,3.555555556,3.222222222,3.481481481,2.2,2.25,2.1,44,45,42,2,2,1,2,1,1,1,1,1,4.25,4,4.08333333,4.16666667,3.91666667,4,3.58333333,4.16666667,3.41666667,1.83333333,1.83333333,1.83333333,3.16666667,3.16666667,2.75
"20",20,1,2.83333333,1,1,2,4.981040564,0.138007055,0.329128699,2.611111111,3.527777778,4.027777778,3.972222222,3.555555556,0.471291882,0.15591212,0.247891287,0.100345644,0.139000115,3.888888889,3,3.777777778,3.555555556,1.5,1.4,1.35,30,28,27,4,4,4,4,5,5,6,5,5,3.75,4.33333333,3.83333333,4.08333333,4.08333333,3.91666667,3.33333333,3.66666667,3.58333333,2.75,2.58333333,2.5,3.75,3.5,3.41666667
"21",21,3,3.45833333,0,1,4,4.783068783,0.002645503,-0.162071789,2.777777778,3.083333333,2.722222222,3.666666667,3.833333333,0.732310599,-0.752456464,-2.198679728,-0.617323842,0.730757808,2.888888889,2.888888889,2.888888889,2.888888889,1.8,1.9,1.25,36,38,25,5,13,3,13,4,4,5,4,5,3.66666667,3.5,3.83333333,2.66666667,2.75,2.75,3,3.08333333,3.16666667,2.75,2.75,2.83333333,4,3.66666667,3.83333333
"22",22,2,4,1,1,4,5.489417989,0.034391534,0.925586435,1.916666667,3.805555556,4.5,4.333333333,3.027777778,-0.616286105,0.723642486,1.132821228,0.948500492,-0.985339502,3.888888889,4.666666667,3.333333333,3.962962963,2.7,2.8,2.3,54,56,46,5,6,13,5,NA,NA,8,13,13,4.5,4.33333333,4.16666667,4.66666667,4.33333333,4.5,4.33333333,3.91666667,3.16666667,1.66666667,1.91666667,2.16666667,3.58333333,2.91666667,2.58333333
"23",23,NA,4.08333333,1,1,4,4.653439153,0.37037037,0.188785703,2.055555556,3.805555556,3.472222222,3.777777778,3,-0.398770508,0.723642486,-0.793202762,-0.35635312,-1.044515271,3.666666667,5,3.777777778,4.148148148,2.25,1.9,2.35,45,38,47,3,13,2,3,3,3,4,3,3,3.75,3.91666667,3.66666667,3.66666667,3.25,3.5,3.91666667,3.75,3.75,2.25,1.91666667,2,3.33333333,2.66666667,3
"24",24,3,3.04166667,0,1,3,4.611111111,-0.325396825,-0.898872521,2.25,3.388888889,3.861111111,3.416666667,3.277777778,-0.094248671,-0.127953062,-0.064436928,-1.204507967,-0.452757578,3.777777778,3.222222222,1.888888889,2.962962963,1,0.95,1.15,20,19,23,4,4,4,4,5,5,5,5,5,3.08333333,3.33333333,3.83333333,3.83333333,3.91666667,3.83333333,3.25,3.41666667,3.5,2.5,2.33333333,1.91666667,3.25,3.25,3.33333333
"25",25,3,3.83333333,1,2,3,5.547619048,-0.333333333,0.469471696,1.916666667,3.944444444,4.333333333,4.388888889,4.222222222,-0.616286105,1.007507669,0.820493013,1.078985853,1.559218578,4.777777778,4.888888889,4.777777778,4.814814815,2.7,3,2.65,54,60,53,2,2,2,2,3,4,4,5,5,4.5,4.33333333,4.33333333,4.58333333,4.25,4.16666667,3.5,4.33333333,4,2,1.83333333,1.91666667,4.41666667,4.33333333,3.91666667
"26",26,3,4.29166667,0,1,4,5.010582011,-0.534391534,-0.618186528,2.222222222,3.527777778,3.916666667,3.416666667,3.583333333,-0.137751791,0.15591212,0.039672477,-1.204507967,0.198175884,3.444444444,3.888888889,3.444444444,3.592592593,2.05,2.35,2.5,41,47,50,3,3,3,13,3,3,4,3,2,3.25,3.16666667,3.83333333,3.41666667,4.25,4.08333333,3.41666667,3.75,3.41666667,2.16666667,2.16666667,2.33333333,3.75,3.58333333,3.41666667
"27",27,NA,3.54166667,0,1,4,4.845238095,-0.25,-0.442757782,2.75,3.5,4.333333333,4.166666667,3.5,0.688807479,0.099139084,0.820493013,0.557044408,0.020648576,NA,NA,NA,NA,2.5,NA,NA,50,NA,NA,3,3,3,13,NA,NA,NA,NA,NA,4.16666667,NA,NA,4.33333333,NA,NA,3.5,NA,NA,2.75,NA,NA,3.5,NA,NA
"28",28,NA,4.54166667,1,2,2,5.357142857,0.119047619,0.855414937,1.5,3.666666667,4.833333333,4.583333333,3.333333333,-1.268832897,0.439777303,1.757477658,1.535684617,-0.334406039,NA,NA,NA,NA,2.7,NA,NA,54,NA,NA,1,1,NA,NA,NA,NA,NA,NA,NA,4.58333333,NA,NA,4.83333333,NA,NA,3.66666667,NA,NA,1.5,NA,NA,3.33333333,NA,NA
"29",29,3,2.79166667,1,1,3,3.076719577,-0.41005291,-3.284703464,3.027777778,1.777777778,4.805555556,3.277777778,2.666666667,1.123838674,-3.420789183,1.705422955,-1.53072137,-1.754624503,2.666666667,2,2.888888889,2.518518519,1.3,1.95,1.85,26,39,37,13,3,2,3,3,3,2,2,2,3.33333333,2.91666667,3.58333333,4.58333333,4.83333333,5,1.58333333,1.83333333,1.91666667,3.66666667,2.66666667,2.75,2.91666667,2.08333333,3
"30",30,NA,4.04166667,1,1,4,5.358024691,0.046737213,0.750157689,2.138888889,3.416666667,4.388888889,4.111111111,3.111111111,-0.268261149,-0.071180026,0.924602418,0.426559047,-0.807812194,4.333333333,4.444444444,3.333333333,4.037037037,1.8,NA,1.8,36,NA,36,5,5,5,6,7,6,6,8,8,4.16666667,4.5,3.66666667,4.66666667,4.58333333,3.91666667,3.33333333,3.5,3.41666667,2.33333333,2.16666667,1.91666667,3.08333333,2.91666667,3.33333333
"31",31,NA,2.66666667,0,1,4,4.336309524,0.116071429,-0.653272277,2.194444444,2.305555556,3.805555556,2.805555556,3.305555556,-0.18125491,-2.342101488,-0.168546333,-2.63984694,-0.393581809,3.777777778,2.222222222,3.222222222,3.074074074,1.1,0.6,0.85,22,12,17,3,NA,1,1,2,1,2,2,2,3.08333333,2.5,2.83333333,3.91666667,3.5,4,2.5,2,2.41666667,2,2.66666667,1.91666667,3.66666667,3.16666667,3.08333333
"32",32,4,3.95833333,0,1,4,5.007936508,-0.174603175,-0.091900291,1.888888889,3.555555556,3.527777778,3.75,4,-0.659789225,0.212685157,-0.689093357,-0.4215958,1.085812424,3.555555556,3.333333333,3.555555556,3.481481481,2.4,2.4,2.1,48,48,42,3,13,13,13,4,4,5,NA,5,3.66666667,3.83333333,3.75,3.16666667,3.75,3.66666667,3.33333333,3.66666667,3.66666667,2.08333333,1.58333333,2,4,4,4
"33",33,2,3,0,1,3,3.53968254,-0.015873016,-2.021616495,3.166666667,2.722222222,2.805555556,3.916666667,2.888888889,1.341354272,-1.49050594,-2.042515621,-0.030139717,-1.281218348,3.444444444,3.222222222,2.333333333,3,1.05,1.4,1.3,21,28,26,2,2,2,2,2,3,3,3,3,3.91666667,4,3.83333333,2.41666667,3.08333333,2.91666667,2.58333333,2.83333333,2.75,3,3.25,3.25,2.91666667,3.08333333,2.66666667
"34",34,3,3.04166667,1,1,4,5.465608466,0.082010582,0.960672184,1.944444444,3.777777778,4.277777778,4.611111111,3.555555556,-0.572782986,0.66686945,0.716383609,1.600927297,0.139000115,3.444444444,3.555555556,2.666666667,3.222222222,1.75,1.7,1.55,35,34,31,13,13,13,13,4,13,4,4,4,4.83333333,4.58333333,4.41666667,4.41666667,4.25,4.16666667,3.91666667,3.58333333,3.83333333,1.5,2.66666667,1.66666667,3.75,3.33333333,3.58333333
"35",35,1,2.70833333,0,1,3,3.246031746,0.682539683,-1.425158759,3.027777778,2.611111111,3.638888889,4.388888889,3.444444444,1.123838674,-1.717598086,-0.480874548,1.078985853,-0.097702962,1.888888889,1.555555556,1,1.481481481,1.5,1,0.95,30,20,19,13,1,1,1,1,1,1,1,1,4.16666667,4.58333333,4.41666667,3.75,3.5,3.66666667,3.08333333,2.25,2.5,2.66666667,3.33333333,3.08333333,3.33333333,3.16666667,3.83333333
"36",36,3,4.58333333,1,1,3,5,0.119047619,0.329128699,2,4.083333333,3.777777778,4.222222222,3.555555556,-0.485776747,1.291372852,-0.220601035,0.687529769,0.139000115,3.444444444,3.222222222,3.444444444,3.37037037,2.6,2.15,1.9,52,43,38,13,13,13,13,4,4,4,4,5,4,4.58333333,4.08333333,4,3.58333333,3.75,4.41666667,3.91666667,3.91666667,1.83333333,2,2.16666667,3.5,3.83333333,3.33333333
"37",37,3,3.70833333,1,2,2,5.574074074,0.283068783,1.416786924,2.194444444,3.583333333,4.138888889,3.833333333,3.5,-0.18125491,0.269458194,0.456110096,-0.225867759,0.020648576,3,3.555555556,3,3.185185185,1.95,1.7,1.8,39,34,36,2,2,2,2,2,2,2,4,2,3.91666667,3.66666667,3.91666667,4.41666667,3.66666667,4.33333333,3.58333333,3.58333333,3.58333333,2.08333333,2.08333333,2.41666667,3.66666667,3.16666667,3.66666667
"38",38,5,3.95833333,1,1,2,5.082010582,0.037037037,0.329128699,1.972222222,3.611111111,2.916666667,3.944444444,3.277777778,-0.529279866,0.32623123,-1.834296811,0.035102964,-0.452757578,3.666666667,4.333333333,3.666666667,3.888888889,2.1,2.15,2.1,42,43,42,5,5,5,5,6,5,5,2,3,4.16666667,3.75,3.91666667,2.66666667,2.66666667,3.41666667,3.66666667,3.91666667,3.25,2.25,1.75,1.91666667,3.08333333,3.58333333,3.16666667
"39",39,3,3.83333333,0,1,3,5.69047619,-0.023809524,1.13610093,1.166666667,4.083333333,4.388888889,4.277777778,4.277777778,-1.790870331,1.291372852,0.924602418,0.818015131,1.677570117,3.888888889,4.444444444,3.888888889,4.074074074,2.25,2.9,2.5,45,58,50,4,5,5,4,5,4,4,4,5,3.83333333,4.41666667,4.58333333,4.33333333,4.41666667,4.41666667,4.16666667,4.08333333,4,1.16666667,1.33333333,1,4.5,4.33333333,4
"40",40,2,2.875,1,1,3,5.259259259,0.05026455,0.609814693,2.5,3.555555556,3.861111111,3.944444444,3.138888889,0.297279404,0.212685157,-0.064436928,0.035102964,-0.748636425,4.222222222,4.333333333,3.888888889,4.148148148,2.9,2.55,2.55,58,51,51,4,4,5,4,4,4,4,4,4,3.91666667,3.83333333,4.08333333,3.75,3.75,4.08333333,4,3.25,3.41666667,2.83333333,2.58333333,2.08333333,2.83333333,3.16666667,3.41666667
"41",41,3,3.125,0,1,3,4.817460317,-0.222222222,-0.442757782,2.083333333,3.111111111,3.972222222,4.416666667,3.611111111,-0.355267388,-0.695683428,0.143781882,1.144228533,0.257351654,3,2.555555556,3.222222222,2.925925926,2.15,1.75,1.7,43,35,34,4,4,4,4,5,5,5,4,4,3.91666667,4.75,4.58333333,3.66666667,4.08333333,4.16666667,2.75,3.5,3.08333333,2.41666667,1.5,2.33333333,3.83333333,3.5,3.5
"42",42,NA,3.54166667,1,1,2,4.702380952,-0.297619048,-0.723443775,2.208333333,3.875,3.916666667,4.208333333,2.916666667,-0.159503351,0.865575077,0.039672477,0.654908429,-1.222042579,NA,NA,NA,NA,2.1,2.25,NA,42,45,NA,4,4,4,5,6,NA,6,NA,NA,4.25,4.16666667,NA,4,3.83333333,NA,4.08333333,3.66666667,NA,2.5,1.91666667,NA,2.83333333,3,NA
"43",43,5,3.83333333,0,1,4,4.507936508,-0.341269841,-1.074301267,2.75,3.805555556,4.555555556,3.916666667,3.444444444,0.688807479,0.723642486,1.236930633,-0.030139717,-0.097702962,2.666666667,2.444444444,2.222222222,2.444444444,1.35,1.1,1.85,27,22,37,12,12,12,12,13,11,1,5,9,4.08333333,3.66666667,4,4.33333333,4.66666667,4.66666667,3.41666667,3.91666667,4.08333333,2.75,3.75,1.75,3.25,3.66666667,3.41666667
"44",44,NA,3.41666667,1,1,2,5.676190476,0.038095238,1.206272429,1.541666667,3.708333333,4.666666667,4.666666667,3.458333333,-1.203578218,0.524936858,1.445149443,1.731412659,-0.068115078,NA,NA,NA,NA,2.5,2.05,NA,50,41,NA,3,3,3,3,3,NA,NA,NA,NA,4.83333333,4.5,NA,4.75,4.58333333,NA,3.83333333,3.58333333,NA,1.83333333,1.25,NA,3.58333333,3.33333333,NA
"45",45,4,4.08333333,1,1,4,4.981481481,0.161375661,0.364214449,2.916666667,2.861111111,3.5,4,3.861111111,0.949826196,-1.206640757,-0.74114806,0.165588325,0.789933577,2.666666667,2.111111111,2.666666667,2.481481481,2.1,2.25,1.6,42,45,32,4,13,13,13,4,4,5,5,5,4,3.75,4.25,3.75,3.33333333,3.41666667,3.16666667,2.91666667,2.5,3.08333333,2.66666667,3,4.08333333,3.75,3.75
"46",46,NA,3.16666667,1,2,3,5.328483245,0.290564374,1.065929432,1.527777778,3.472222222,4.361111111,3.861111111,3,-1.225329778,0.042366047,0.872547716,-0.160625078,-1.044515271,5,5,4.555555556,4.851851852,2.55,2.5,2.35,51,50,47,4,4,13,13,6,5,4,5,5,3.41666667,4.16666667,4,4.33333333,4.41666667,4.33333333,3.58333333,3.16666667,3.66666667,1.25,1.83333333,1.5,3.5,2.58333333,2.91666667
"47",47,2,3.5,1,1,3,4.828042328,0.100529101,0.048442706,2.48989899,3.358585859,3.305555556,4.222222222,3.825396825,0.281460088,-0.189887284,-1.105530977,0.687529769,0.713850445,3.444444444,3.222222222,3.888888889,3.518518519,2.35,2.05,1.7,47,41,34,3,13,3,3,4,4,4,3,3,4.41666667,4.33333333,3.91666667,3.58333333,2.91666667,3.41666667,3.58333333,2.90909091,3.58333333,2.41666667,2.63636364,2.41666667,4.16666667,3.14285714,4.16666667
"48",48,NA,4.625,0,1,4,5.002645503,0.211640212,0.469471696,1.888888889,3.833333333,2.972222222,4.472222222,4.277777778,-0.659789225,0.780415523,-1.730187406,1.274713895,1.677570117,3.222222222,3.555555556,3.222222222,3.333333333,2.3,1.9,1.75,46,38,35,12,12,12,12,12,6,3,2,7,4.25,4.75,4.41666667,2.91666667,3.33333333,2.66666667,4.75,3.58333333,3.16666667,1.83333333,1.83333333,2,4.66666667,4,4.16666667
"49",49,5,4.75,0,2,4,5.415343915,0.441798942,1.416786924,1.277777778,4.305555556,4.777777778,3.472222222,3.666666667,-1.616857853,1.745557144,1.653368253,-1.074022606,0.375703192,4.333333333,4.333333333,4.333333333,4.333333333,2.7,2.85,2.85,54,57,57,3,3,3,13,4,4,4,4,4,3.41666667,3.16666667,3.83333333,4.83333333,4.75,4.75,4.5,4.25,4.16666667,1.75,1,1.08333333,4,3.66666667,3.33333333
"50",50,1,3.04166667,0,1,3,4.052910053,0.08994709,-1.109387016,3.75,2.583333333,4.083333333,3.972222222,2.861111111,2.254919781,-1.774371123,0.352000691,0.100345644,-1.340394118,4.333333333,2.777777778,2.777777778,3.296296296,2.1,2.1,2.1,42,42,42,13,4,5,4,5,5,6,6,6,3.91666667,4.16666667,3.83333333,4,4.41666667,3.83333333,2.41666667,2.83333333,2.5,4.16666667,3.5,3.58333333,3.08333333,2.75,2.75
"51",51,3.5,3.29166667,0,1,4,4.912698413,-0.079365079,-0.091900291,2.555555556,3.833333333,3.611111111,4.694444444,3.472222222,0.384285643,0.780415523,-0.53292925,1.796655339,-0.038527193,3.555555556,3.666666667,2.777777778,3.333333333,1.8,1.95,2,36,39,40,13,13,4,5,6,6,5,5,5,4.66666667,4.58333333,4.83333333,3.75,3.41666667,3.66666667,3.66666667,3.83333333,4,2.58333333,2.83333333,2.25,3.41666667,3.66666667,3.33333333
"52",52,2,3.5,1,2,4,5.526455026,-0.121693122,0.750157689,2.388888889,3.027777778,3.75,3.666666667,3.583333333,0.123266926,-0.866002538,-0.272655738,-0.617323842,0.198175884,3.555555556,3.888888889,3.444444444,3.62962963,2.4,2.15,2,48,43,40,5,5,5,4,5,4,5,5,5,3.66666667,3.75,3.58333333,3.75,3.91666667,3.58333333,2.91666667,3,3.16666667,2.5,2.41666667,2.25,3.58333333,3.58333333,3.58333333
"53",53,2,2.91666667,1,1,4,4.30952381,-0.261904762,-1.249730013,2.861111111,2.388888889,4.027777778,2.694444444,3.361111111,0.862819957,-2.171782379,0.247891287,-2.900817662,-0.27523027,3.222222222,2.222222222,1.111111111,2.185185185,1.65,1.4,1.45,33,28,29,6,6,4,8,13,8,11,8,5,2.66666667,2.75,2.66666667,4.16666667,4.08333333,3.83333333,3.08333333,2.08333333,2,2.5,3.25,2.83333333,3.5,3.41666667,3.16666667
"54",54,1,3.16666667,0,1,4,2.436507937,0.182539683,-3.354874963,3.472222222,2.916666667,2.777777778,4.388888889,3.666666667,1.819888586,-1.093094684,-2.094570323,1.078985853,0.375703192,3.333333333,2.888888889,2.444444444,2.888888889,1.5,1.7,1.15,30,34,23,13,4,4,3,4,5,5,6,5,4.33333333,4.33333333,4.5,3.16666667,3,2.16666667,3.58333333,2.58333333,2.58333333,3.41666667,3.75,3.25,4.25,3.33333333,3.41666667
"55",55,4,3.95,0,1,3,5.170458554,-0.005379189,0.396961148,1.944444444,2.722222222,3.472222222,3.994444444,4,-0.572782986,-1.49050594,-0.793202762,0.152539789,1.085812424,3.333333333,4.888888889,4.111111111,4.111111111,2.3,1.947368421,2.142857143,46,38.94736842,42.85714286,2,2,2,2,2,2,2,2,2,4.25,3.83333333,3.9,3.33333333,3.5,3.58333333,2.83333333,2.91666667,2.41666667,1.83333333,2,2,4,4,4
"56",56,4,3.91666667,0,1,2,5.402116402,0.074074074,0.855414937,1.916666667,3.805555556,3.722222222,4.055555556,2.638888889,-0.616286105,0.723642486,-0.32471044,0.296073686,-1.813800272,4.333333333,4.444444444,3.555555556,4.111111111,2.3,2.35,2,46,47,40,4,5,5,5,7,7,6,6,6,4,4.16666667,4,3.58333333,3.66666667,3.91666667,3.83333333,3.83333333,3.75,2.41666667,1.41666667,1.91666667,2.58333333,2.5,2.83333333
"57",57,4.5,4.33333333,1,1,4,5.142857143,0.023809524,0.399300198,2.388888889,3.944444444,4.166666667,3.722222222,3.916666667,0.123266926,1.007507669,0.508164799,-0.486838481,0.908285116,4.222222222,4,5,4.407407407,2.55,1.9,1.9,51,38,38,5,6,6,6,7,5,7,7,7,3.83333333,3.66666667,3.66666667,4.25,4.16666667,4.08333333,4.25,3.66666667,3.91666667,2.41666667,2.5,2.25,4.16666667,3.41666667,4.16666667
"58",58,2.5,3.5,1,1,1,5.211640212,0.169312169,0.71507194,2.694444444,3.083333333,4.583333333,3.527777778,2.916666667,0.60180124,-0.752456464,1.288985335,-0.943537245,-1.222042579,3.444444444,3.666666667,3.444444444,3.518518519,1.95,2.1,2.2,39,42,44,8,8,5,6,10,10,7,7,6,3.5,3.41666667,3.66666667,4.5,4.58333333,4.66666667,3.08333333,3.16666667,3,2.58333333,2.5,3,3.16666667,2.58333333,3
"59",59,3,3.45833333,1,2,3,4.896825397,0.007936508,0.013356957,2.5,3.416666667,3.388888889,4,3.888888889,0.297279404,-0.071180026,-0.94936687,0.165588325,0.849109347,4.333333333,4.111111111,4.222222222,4.222222222,2.25,2.2,2.15,45,44,43,2,2,2,2,2,2,2,2,2,4.25,4,3.75,3.58333333,3.33333333,3.25,3.25,3.5,3.5,2.16666667,3,2.33333333,4,3.91666667,3.75
"60",60,1,3.83333333,1,1,4,3.841269841,0.015873016,-1.530416006,2.944444444,2.861111111,3.888888889,3.777777778,3.277777778,0.993329316,-1.206640757,-0.012382226,-0.35635312,-0.452757578,3.444444444,3.333333333,3.222222222,3.333333333,1.9,1.45,2,38,29,40,3,3,3,3,2,2,2,2,2,3.83333333,3.75,3.75,3.91666667,3.91666667,3.83333333,2.91666667,2.75,2.91666667,2.66666667,3.75,2.41666667,3.16666667,3.66666667,3
"61",61,2.5,3.58333333,0,1,4,4.439153439,-0.082010582,-0.793615274,2.861111111,3.777777778,3.527777778,3.416666667,3.527777778,0.862819957,0.66686945,-0.689093357,-1.204507967,0.079824346,4.222222222,4,3.666666667,3.962962963,2,2.25,2.2,40,45,44,5,5,13,5,6,6,5,6,6,3.5,3.41666667,3.33333333,3.16666667,3.66666667,3.75,3.66666667,4,3.66666667,3,2.75,2.83333333,3.41666667,3.5,3.66666667
"62",62,3,3.79166667,0,1,3,4.412698413,-0.150793651,-0.93395827,2.722222222,3.25,4,4,3.805555556,0.64530436,-0.411818245,0.195836584,0.165588325,0.671582039,4.111111111,3.666666667,3.444444444,3.740740741,2.05,2,1.85,41,40,37,13,13,3,3,2,4,3,3,2,4,4.08333333,3.91666667,4,4,4,3.33333333,3.25,3.16666667,2.83333333,2.41666667,2.91666667,4,3.83333333,3.58333333
"63",63,1,2.91666667,1,1,2,4.013227513,0.653439153,-0.337500535,3.555555556,3.111111111,2.666666667,3.861111111,3.027777778,1.950397944,-0.695683428,-2.302789133,-0.160625078,-0.985339502,2.222222222,2.888888889,1.444444444,2.185185185,2.6,2,2.35,52,40,47,13,13,3,3,3,3,3,4,3,3.91666667,3.66666667,4,3.08333333,2.66666667,2.25,3.41666667,2.83333333,3.08333333,2.58333333,4,4.08333333,3,2.91666667,3.16666667
"64",64,NA,3.75,0,1,2,4.764550265,0.235449735,0.153699954,1.861111111,3.472222222,3.694444444,4.388888889,3.916666667,-0.703292344,0.042366047,-0.376765143,1.078985853,0.908285116,4,3.555555556,4.222222222,3.925925926,2.45,2.1,1.55,49,42,31,1,2,1,1,2,1,2,2,2,4.5,4.25,4.41666667,3.75,3.83333333,3.5,4,3.16666667,3.25,1.58333333,2.33333333,1.66666667,4,3.83333333,3.91666667
"65",65,1,3.41666667,0,1,4,5.505291005,-0.457671958,0.223871452,1.416666667,4.361111111,4.833333333,4.305555556,3.5,-1.399342256,1.859103217,1.757477658,0.883257811,0.020648576,4.333333333,4,4.222222222,4.185185185,2.45,2.4,2.55,49,48,51,8,6,8,8,9,10,12,12,12,4.16666667,4.33333333,4.41666667,4.91666667,4.66666667,4.91666667,4.58333333,4.25,4.25,1.16666667,1.25,1.83333333,3.66666667,3.33333333,3.5
"66",66,4,3.91666667,1,1,4,5.465608466,-0.322751323,0.364214449,2,3.166666667,4.194444444,4.444444444,3.833333333,-0.485776747,-0.582137355,0.560219501,1.209471214,0.730757808,4.333333333,3.777777778,3.333333333,3.814814815,2.25,2.4,2.4,45,48,48,8,8,8,8,9,8,9,10,13,4.16666667,4.5,4.66666667,3.75,4.41666667,4.41666667,3.5,2.83333333,3.16666667,2.08333333,1.91666667,2,3.83333333,3.83333333,3.83333333
"67",67,NA,2.5,1,1,4,4.914285714,-0.176190476,-0.232243287,2.416666667,3.583333333,4.416666667,2.666666667,4.583333333,0.166770046,0.269458194,0.976657121,-2.966060342,2.328503579,3.333333333,1.222222222,3,2.518518519,2.45,NA,NA,49,NA,NA,13,3,12,13,NA,3,NA,NA,NA,2.66666667,NA,NA,4.41666667,NA,NA,3.58333333,NA,NA,2.41666667,NA,NA,4.58333333,NA,NA
"68",68,3,4.125,1,2,2,5.544973545,-0.14021164,0.750157689,1.972222222,3.777777778,4.444444444,3.888888889,4.25,-0.529279866,0.66686945,1.028711823,-0.095382397,1.618394348,4.888888889,4.555555556,4.777777778,4.740740741,2.45,2.85,2.9,49,57,58,2,1,1,2,1,1,1,1,1,3.75,4.08333333,3.83333333,4.16666667,4.41666667,4.75,4.25,3.33333333,3.75,2.41666667,2,1.5,4.5,4,4.25
"69",69,5,3.70833333,0,1,4,5.502645503,-0.335978836,0.399300198,1.638888889,3.055555556,4.194444444,4.222222222,4.305555556,-1.0513173,-0.809229501,0.560219501,0.687529769,1.736745886,3,2.888888889,2.888888889,2.925925926,2.2,2.1,1.95,44,42,39,5,9,9,12,13,13,13,13,13,4.08333333,4.25,4.33333333,3.91666667,4.33333333,4.33333333,3.08333333,3.33333333,2.75,2.08333333,1.33333333,1.5,4.41666667,4.08333333,4.41666667
"70",70,4,3.54166667,0,1,3,4.349206349,0.26984127,-0.407672033,2.083333333,3.777777778,3.388888889,3.583333333,3.75,-0.355267388,0.66686945,-0.94936687,-0.813051884,0.5532305,3.333333333,3.666666667,3.222222222,3.407407407,2.35,2.8,2.4,47,56,48,3,13,1,3,3,3,3,3,3,3.5,3.58333333,3.66666667,3.25,3.41666667,3.5,3.66666667,3.5,4.16666667,1.83333333,2.41666667,2,3.75,3.75,3.75
"71",71,4,2.79166667,1,1,4,4.486772487,-0.32010582,-1.074301267,2.972222222,2.388888889,4.027777778,4.055555556,2.972222222,1.036832435,-2.171782379,0.247891287,0.296073686,-1.10369104,2.111111111,1.777777778,3.888888889,2.592592593,1.9,1.75,2.1,38,35,42,5,5,5,6,6,7,7,5,6,4.08333333,4.08333333,4,4.16666667,4,3.91666667,2.25,2.5,2.41666667,2.66666667,3,3.25,2.75,2.83333333,3.33333333
"72",72,NA,3.41666667,1,1,4,5.092261905,-0.116071429,0.118614204,1.416666667,3.583333333,4.625,4.708333333,3.25,-1.399342256,0.269458194,1.367067389,1.829276679,-0.511933347,2.888888889,3.888888889,2.666666667,3.148148148,2.3,NA,2.45,46,NA,49,13,4,5,7,NA,7,NA,2,1,4.83333333,NA,4.58333333,4.58333333,NA,4.66666667,3.41666667,NA,3.75,1.33333333,NA,1.5,3.66666667,NA,2.83333333
"73",73,NA,3.66666667,1,1,2,5.071428571,0.19047619,0.539643194,2.194444444,3.527777778,3.75,3.888888889,3.055555556,-0.18125491,0.15591212,-0.272655738,-0.095382397,-0.926163733,3.888888889,3.555555556,3.666666667,3.703703704,2.15,2.7,2.15,43,54,43,3,3,3,3,3,3,4,4,2,4.08333333,3.83333333,3.75,3.75,3.83333333,3.66666667,3.83333333,3.5,3.25,2.08333333,2.33333333,2.16666667,3.25,2.83333333,3.08333333
"74",74,NA,3.79166667,1,1,4,4.785714286,0,-0.162071789,3.583333333,3.916666667,3.416666667,3.666666667,4.416666667,1.993901064,0.950734632,-0.897312167,-0.617323842,1.973448963,NA,NA,NA,NA,2.15,NA,NA,43,NA,NA,12,NA,NA,NA,NA,NA,NA,NA,NA,3.66666667,NA,NA,3.41666667,NA,NA,3.91666667,NA,NA,3.58333333,NA,NA,4.41666667,NA,NA
"75",75,3,3.625,0,1,3,4.978835979,0.44973545,0.785243439,1.944444444,3.416666667,4,3.527777778,4.027777778,-0.572782986,-0.071180026,0.195836584,-0.943537245,1.144988193,4.222222222,4.111111111,3.666666667,4,2.15,2.2,2,43,44,40,5,5,5,6,6,7,7,7,8,3.33333333,3.58333333,3.66666667,3.91666667,4,4.08333333,3.58333333,3.41666667,3.25,2.08333333,1.91666667,1.83333333,3.83333333,4.08333333,4.16666667
"76",76,3.5,3.29166667,1,1,3,3.764550265,0.283068783,-1.249730013,3.694444444,3.111111111,3.583333333,3.666666667,3.333333333,2.167913542,-0.695683428,-0.584983953,-0.617323842,-0.334406039,3.555555556,3.111111111,3.333333333,3.333333333,1.55,1.45,1.4,31,29,28,3,3,3,3,3,2,3,3,3,3.83333333,3.83333333,3.33333333,3.83333333,3.5,3.41666667,3.33333333,2.91666667,3.08333333,3.66666667,3.75,3.66666667,3.33333333,3.33333333,3.33333333
"77",77,5,4.20833333,1,1,2,5.404761905,0.142857143,0.960672184,2.222222222,3,4.861111111,3.861111111,3.611111111,-0.137751791,-0.922775574,1.80953236,-0.160625078,0.257351654,3.555555556,3.222222222,3.888888889,3.555555556,2.75,2.6,2.85,55,52,57,3,3,3,3,3,3,3,3,3,4,3.83333333,3.75,4.91666667,4.83333333,4.83333333,3.33333333,2.41666667,3.25,2.16666667,2.41666667,2.08333333,3.75,3.58333333,3.5
"78",78,3,3.41666667,1,1,3,4.541005291,-0.16005291,-0.758529525,2.472222222,3.388888889,3.694444444,4.444444444,3.638888889,0.253776285,-0.127953062,-0.376765143,1.209471214,0.316527423,4.111111111,3.333333333,3.222222222,3.555555556,1.2,1.55,1.7,24,31,34,1,1,1,1,1,1,1,1,1,4.41666667,4.5,4.41666667,3.75,3.83333333,3.5,3.5,3.33333333,3.33333333,2.75,2,2.66666667,3.25,4,3.66666667
"79",79,5,3.875,0,2,2,5.402116402,-0.021164021,0.71507194,1.138888889,4.305555556,4.722222222,4.472222222,3.75,-1.83437345,1.745557144,1.549258848,1.274713895,0.5532305,4.444444444,4.444444444,4,4.296296296,2.75,2.5,2.8,55,50,56,3,13,3,3,4,4,3,3,4,4.33333333,4.33333333,4.75,4.66666667,4.58333333,4.91666667,4.41666667,4.16666667,4.33333333,1.08333333,1.33333333,1,3.5,3.58333333,4.16666667
"80",80,5,3.66666667,1,2,2,5.579365079,-0.26984127,0.609814693,1.444444444,4.083333333,3.861111111,4.527777778,3.305555556,-1.355839136,1.291372852,-0.064436928,1.405199256,-0.393581809,3.888888889,2.888888889,3.111111111,3.296296296,2.25,2.5,2.4,45,50,48,3,3,3,3,3,3,3,3,3,4.58333333,4.58333333,4.41666667,3.58333333,4.25,3.75,4,4,4.25,1.25,1.41666667,1.66666667,2.83333333,3.58333333,3.5
"81",81,4,3.04166667,0,2,3,4.023809524,-0.095238095,-1.425158759,2.583333333,3.5,3.722222222,3.361111111,3.194444444,0.427788762,0.099139084,-0.32471044,-1.334993328,-0.630284886,3.222222222,3.222222222,2.888888889,3.111111111,2.2,1.95,1.95,44,39,39,3,2,3,2,3,2,2,2,2,3.41666667,3.41666667,3.25,3.91666667,3.66666667,3.58333333,3.25,3.91666667,3.33333333,3,2.25,2.5,3,3.33333333,3.25
"82",82,4.5,3.875,1,2,4,5.497354497,0.407407407,1.486958422,2.083333333,4,3.416666667,4.388888889,3.833333333,-0.355267388,1.121053742,-0.897312167,1.078985853,0.730757808,4.111111111,4.333333333,4.444444444,4.296296296,2.8,2.8,2.95,56,56,59,13,13,13,5,5,5,4,8,3,4.16666667,4.5,4.5,3.41666667,3.75,3.08333333,3.83333333,4.25,3.91666667,2.66666667,1.66666667,1.91666667,3.66666667,3.91666667,3.91666667
"83",84,3,4.08333333,0,1,4,4.14021164,0.169312169,-0.863786772,2.777777778,2.666666667,4.138888889,3.916666667,3.111111111,0.732310599,-1.604052013,0.456110096,-0.030139717,-0.807812194,3.111111111,3,2.777777778,2.962962963,1.6,1.65,1.45,32,33,29,12,12,12,13,13,13,13,13,13,4,3.66666667,4.08333333,4.25,4,4.16666667,3,2.58333333,2.41666667,2.16666667,3.41666667,2.75,3.08333333,3.25,3
"84",85,3,3.70833333,1,2,3,5.071428571,0.238095238,0.609814693,2.138888889,3.527777778,4.083333333,3.944444444,3.888888889,-0.268261149,0.15591212,0.352000691,0.035102964,0.849109347,3.444444444,3.444444444,3.333333333,3.407407407,2.7,1.95,2.85,54,39,57,3,2,2,3,3,4,2,3,3,4.08333333,3.83333333,3.91666667,4.16666667,3.91666667,4.16666667,3.66666667,3.5,3.41666667,1.91666667,2.33333333,2.16666667,4.08333333,3.66666667,3.91666667
"85",86,1,4.04166667,1,2,3,5.03968254,0.26984127,0.609814693,2.291666667,3.041666667,3.583333333,3.791666667,2.583333333,-0.028993992,-0.837616019,-0.584983953,-0.323731779,-1.932151811,NA,NA,NA,NA,0.85,1.05,NA,17,21,NA,3,2,1,1,NA,NA,1,NA,NA,3.91666667,3.66666667,NA,3.83333333,3.33333333,NA,3.25,2.83333333,NA,2,2.58333333,NA,2.91666667,2.25,NA
"86",87,4,3.75,0,2,1,5.28042328,0.100529101,0.71507194,1.944444444,3.472222222,4,4.194444444,2.277777778,-0.572782986,0.042366047,0.195836584,0.622287089,-2.583085273,3.555555556,3.888888889,3.222222222,3.555555556,2,2.3,2.3,40,46,46,13,13,13,3,3,4,4,5,4,4.25,4.16666667,4.16666667,4.25,3.91666667,3.83333333,3.58333333,3.33333333,3.5,1.83333333,2,2,2,2.5,2.33333333
"87",88,4.5,4.41666667,1,2,4,5.775132275,0.12962963,1.486958422,1.111111111,4.666666667,4,4.805555556,4.416666667,-1.87787657,2.483606619,0.195836584,2.057626061,1.973448963,3.333333333,3.777777778,3.333333333,3.481481481,2.85,2.9,2.9,57,58,58,13,3,3,3,3,4,4,3,4,4.83333333,4.75,4.83333333,4.08333333,4,3.91666667,4.66666667,4.83333333,4.5,1,1,1.33333333,4.58333333,4.5,4.16666667
"88",89,5,3.375,1,2,3,4.582010582,0.108465608,-0.302414786,2.305555556,3.166666667,3.166666667,3.333333333,3.277777778,-0.007242432,-0.582137355,-1.365804489,-1.400236009,-0.452757578,4.444444444,3.888888889,3.444444444,3.925925926,2,2,2,40,40,40,2,2,3,2,2,2,1,2,3,3.08333333,3.41666667,3.5,2.83333333,3.25,3.41666667,2.91666667,3.25,3.33333333,2.08333333,2.41666667,2.41666667,3.16666667,2.91666667,3.75
"89",90,2.5,4.04166667,1,2,4,5.19047619,0,0.434385947,2.222222222,3.166666667,4.166666667,4.166666667,3.416666667,-0.137751791,-0.582137355,0.508164799,0.557044408,-0.156878732,4.222222222,4.555555556,3.222222222,4,2.4,2.45,2.45,48,49,49,4,13,13,3,4,3,3,5,5,4.08333333,4.33333333,4.08333333,4.08333333,4.08333333,4.33333333,3,3,3.5,2.33333333,1.83333333,2.5,3.5,3.58333333,3.16666667
"90",91,3,3.33333333,1,2,2,3.57473545,0.472883598,-1.249730013,3.666666667,2.555555556,3.277777778,3.583333333,2.888888889,2.124410422,-1.831144159,-1.157585679,-0.813051884,-1.281218348,2.777777778,2.888888889,2.222222222,2.62962963,1.3,1.65,1.2,26,33,24,1,1,1,2,1,1,1,1,1,3.33333333,3.5,3.91666667,3.08333333,2.75,4,2.66666667,1.91666667,3.08333333,3.33333333,3.75,3.91666667,3.08333333,2.58333333,3
"91",92,3.5,3.75,0,6,2,5.187830688,-0.068783069,0.329128699,1.5,2.916666667,3.388888889,3.777777778,3.194444444,-1.268832897,-1.093094684,-0.94936687,-0.35635312,-0.630284886,3,3.666666667,4.777777778,3.814814815,2,1.7,NA,40,34,NA,1,1,1,1,1,1,2,1,2,3.75,3.75,3.83333333,3.16666667,3.66666667,3.33333333,2.91666667,3,2.83333333,1.33333333,1.5,1.66666667,3.25,3.25,3.08333333
"92",93,NA,3.29166667,1,2,4,5.582010582,-0.153439153,0.785243439,1.527777778,3,4.527777778,4.5,3.361111111,-1.225329778,-0.922775574,1.184875931,1.339956575,-0.27523027,4.111111111,3.666666667,3.888888889,3.888888889,2.4,2.631578947,3,48,52.63157895,60,2,2,2,2,2,2,2,2,2,4.33333333,4.41666667,4.75,4.41666667,4.58333333,4.58333333,3.08333333,3.33333333,2.58333333,1.58333333,1.41666667,1.58333333,3.25,3.25,3.58333333
"93",94,1,2.95833333,1,2,1,5.238095238,-0.30952381,0.048442706,2.305555556,2.722222222,4,3.916666667,2.388888889,-0.007242432,-1.49050594,0.195836584,-0.030139717,-2.346382196,3.333333333,3.444444444,3.333333333,3.37037037,0.95,1.2,1.25,19,24,25,2,2,2,4,2,3,2,2,2,4.25,3.58333333,3.91666667,4.5,3.58333333,3.91666667,2.75,2.5,2.91666667,2.25,2.33333333,2.33333333,2,2.58333333,2.58333333
"94",95,NA,4.20833333,0,2,2,4.345238095,0.273809524,-0.407672033,2.25,3.083333333,3.75,3.833333333,3.5,-0.094248671,-0.752456464,-0.272655738,-0.225867759,0.020648576,NA,NA,NA,NA,1.666666667,NA,NA,33.33333333,NA,NA,1,1,1,1,NA,NA,NA,NA,NA,3.83333333,NA,NA,3.75,NA,NA,3.08333333,NA,NA,2.25,NA,NA,3.5,NA,NA
"95",96,3,4.04166667,0,2,4,5.097883598,-0.288359788,-0.12698604,1.75,3.25,4.194444444,4.055555556,3.444444444,-0.877304822,-0.411818245,0.560219501,0.296073686,-0.097702962,3.444444444,3.444444444,3.333333333,3.407407407,2.5,2.947368421,2.85,50,58.94736842,57,4,2,4,2,2,3,3,4,4,3.83333333,4.16666667,4.16666667,4.41666667,4.16666667,4,3.83333333,2.91666667,3,1.5,1.91666667,1.83333333,3.5,3.41666667,3.41666667
"96",97,5,3.79166667,0,2,2,5.12962963,0.203703704,0.644900442,2.027777778,3.472222222,4.333333333,3.694444444,2.944444444,-0.442273627,0.042366047,0.820493013,-0.552081161,-1.16286681,3.666666667,2.666666667,3.333333333,3.222222222,2.9,2.8,2.2,58,56,44,2,2,2,2,1,2,2,2,2,3.66666667,4,3.41666667,4.5,4.25,4.25,3.33333333,3.58333333,3.5,1.75,2,2.33333333,2.91666667,3,2.91666667
"97",98,3.5,4.41666667,1,2,4,5.727513228,0.058201058,1.311529676,1.444444444,4.055555556,4.888888889,4.388888889,3.694444444,-1.355839136,1.234599815,1.861587062,1.078985853,0.434878961,3.777777778,3.777777778,3.666666667,3.740740741,2.8,2.85,2.65,56,57,53,6,5,6,8,7,3,6,5,5,4.16666667,4.58333333,4.41666667,4.91666667,4.91666667,4.83333333,3.5,4.41666667,4.25,1.25,2,1.08333333,3.75,3.66666667,3.66666667
"98",99,2,4.125,0,2,3,5.335978836,-0.193121693,0.364214449,1.694444444,3.583333333,3.805555556,3.472222222,4.222222222,-0.964311061,0.269458194,-0.168546333,-1.074022606,1.559218578,2.888888889,3.111111111,3.555555556,3.185185185,2.05,2.45,2.3,41,49,46,3,13,2,2,3,3,3,4,3,3.41666667,3.41666667,3.58333333,4,3.75,3.66666667,3.58333333,3.58333333,3.58333333,2.16666667,1.58333333,1.33333333,4.08333333,4.16666667,4.41666667
"99",100,3,NA,1,2,4,4.361552028,-0.242504409,-1.144472765,3.75,3.25,2.833333333,3.638888889,3.833333333,2.254919781,-0.411818245,-1.990460919,-0.682566523,0.730757808,3.888888889,4.555555556,3.666666667,4.037037037,NA,1.9,2.05,NA,38,41,1,1,1,2,1,4,1,2,1,2.91666667,3.91666667,4.08333333,2.75,2.41666667,3.33333333,3.41666667,3,3.33333333,3.75,3.75,3.75,3.25,4.25,4
"100",101,NA,3.375,1,2,3,4.564814815,-1.005291005,-1.968987871,2.833333333,2.967171717,3.222222222,4.166666667,3.583333333,0.819316838,-0.989870981,-1.261695084,0.557044408,0.198175884,4.666666667,3.222222222,3.444444444,3.777777778,2.1,NA,1.95,42,NA,39,2,2,2,NA,2,3,3,3,3,4,4.25,4.25,2.91666667,3.41666667,3.33333333,2.81818182,2.83333333,3.25,3.08333333,2.66666667,2.75,3.41666667,3.58333333,3.75
"101",102,5,3.25,0,2,4,5.616402116,-0.283068783,0.644900442,1.944444444,3.694444444,4.222222222,4.361111111,3.972222222,-0.572782986,0.49655034,0.612274204,1.013743172,1.026636655,3.333333333,3,4,3.444444444,2.3,2.25,1.95,46,45,39,13,13,13,3,4,3,4,3,3,4.5,4.33333333,4.25,4.25,4.33333333,4.08333333,3.5,4.08333333,3.5,1.83333333,2,2,3.91666667,4,4
"102",103,NA,4.25,1,2,3,4.023809524,0,-1.284815762,2.333333333,3.5,3.727272727,2.833333333,3.5,0.036260687,0.099139084,-0.315245949,-2.574604259,0.020648576,NA,NA,NA,NA,2.25,NA,NA,45,NA,NA,1,NA,NA,NA,NA,NA,NA,NA,NA,2.83333333,NA,NA,3.72727273,NA,NA,3.5,NA,NA,2.33333333,NA,NA,3.5,NA,NA
"103",104,2,3.45833333,0,2,3,5.476190476,0.071428571,0.960672184,1.694444444,3.111111111,3.888888889,3.833333333,3.25,-0.964311061,-0.695683428,-0.012382226,-0.225867759,-0.511933347,3.444444444,3.222222222,3.222222222,3.296296296,2,1.95,1.75,40,39,35,13,13,13,4,4,5,4,3,3,3.66666667,3.83333333,4,3.75,4.16666667,3.75,3.08333333,3.25,3,1.91666667,1.41666667,1.75,3.41666667,3,3.33333333
"104",105,NA,3.25,1,2,3,4.964285714,0.226190476,0.434385947,2.166666667,3.416666667,3.833333333,3.916666667,3.666666667,-0.22475803,-0.071180026,-0.116491631,-0.030139717,0.375703192,NA,NA,NA,NA,1.85,NA,NA,37,NA,NA,2,2,NA,NA,NA,NA,NA,NA,NA,3.91666667,NA,NA,3.83333333,NA,NA,3.41666667,NA,NA,2.16666667,NA,NA,3.66666667,NA,NA
"105",106,3,3.45833333,1,2,3,5.216931217,0.187830688,0.750157689,1.694444444,3.666666667,4.111111111,3.5,4.222222222,-0.964311061,0.439777303,0.404055394,-1.008779925,1.559218578,3.333333333,3.333333333,3.333333333,3.333333333,2.3,2.45,2.3,46,49,46,13,13,13,4,5,3,3,3,4,3.58333333,3.75,3.16666667,4.66666667,3.91666667,3.75,4.16666667,3.83333333,3,1.33333333,1.41666667,2.33333333,4.5,4.41666667,3.75
"106",107,5,4.16666667,0,2,3,4.669312169,-0.193121693,-0.618186528,2.361111111,3.777777778,4.333333333,3.75,3.888888889,0.079763807,0.66686945,0.820493013,-0.4215958,0.849109347,3.222222222,4.666666667,3.555555556,3.814814815,2.4,2.3,2.7,48,46,54,1,1,1,1,1,1,1,1,2,3.83333333,3.75,3.66666667,4.25,4.75,4,3.83333333,3.66666667,3.83333333,2.66666667,2.33333333,2.08333333,3.75,3.75,4.16666667
"107",108,4,4.08333333,1,2,4,5.222222222,-0.079365079,0.364214449,2.083333333,3.472222222,3.944444444,4.222222222,3.611111111,-0.355267388,0.042366047,0.091727179,0.687529769,0.257351654,3.333333333,3.555555556,2.777777778,3.222222222,2.1,2.45,2.45,42,49,49,2,2,3,2,3,3,3,3,3,3.91666667,4.41666667,4.33333333,3.66666667,3.91666667,4.25,3.58333333,3.16666667,3.66666667,2.33333333,1.66666667,2.25,3.41666667,3.66666667,3.75
"108",109,4,3.625,1,2,4,5.621693122,0.164021164,1.311529676,1.694444444,3.972222222,4.25,3.083333333,3.277777778,-0.964311061,1.064280705,0.664328906,-1.987420134,-0.452757578,3.444444444,4.111111111,3.222222222,3.592592593,2.15,2.25,2.5,43,45,50,13,13,13,4,4,4,3,2,2,3.25,2.91666667,3.08333333,4.08333333,4.25,4.41666667,4.16666667,3.91666667,3.83333333,1.91666667,1.75,1.41666667,3,3.33333333,3.5
"109",110,NA,4.08333333,1,2,2,5.147619048,0.233333333,0.71507194,2.041666667,3.625,4.041666667,4.375,3.833333333,-0.420522067,0.354617748,0.273918638,1.046364513,0.730757808,NA,NA,NA,NA,2.15,NA,1.9,43,NA,38,13,13,NA,NA,NA,NA,2,2,1,4.58333333,NA,4.16666667,3.75,NA,4.33333333,3.58333333,NA,3.66666667,1.58333333,NA,2.5,3.75,NA,3.91666667
"110",111,4,4,1,6,4,5.592592593,-0.164021164,0.785243439,1.777777778,3.888888889,4.333333333,4.333333333,4.166666667,-0.833801702,0.893961596,0.820493013,0.948500492,1.44086704,3.888888889,4.777777778,4.111111111,4.259259259,2.65,2.4,2.95,53,48,59,4,3,3,3,2,2,2,2,5,4.25,4.5,4.25,4.08333333,4.5,4.41666667,3.83333333,3.91666667,3.91666667,2,1.66666667,1.66666667,4.33333333,4.16666667,4
"111",112,4,4.16666667,0,2,4,5.444444444,-0.015873016,0.785243439,1.833333333,4.444444444,4.805555556,4.388888889,4.194444444,-0.746795463,2.029422327,1.705422955,1.078985853,1.500042809,4.444444444,4.444444444,4.333333333,4.407407407,2.65,2.35,2.65,53,47,53,2,2,2,2,1,1,2,2,2,4.25,4.41666667,4.5,4.5,5,4.91666667,4.33333333,4.33333333,4.66666667,1.83333333,2,1.66666667,4,4.25,4.33333333
"112",113,3,3.83333333,1,2,4,5.222222222,-0.103174603,0.329128699,2.444444444,3.472222222,3.916666667,4.138888889,3.222222222,0.210273165,0.042366047,0.039672477,0.491801728,-0.571109117,3.111111111,3.111111111,3.111111111,3.111111111,2.65,2.35,2.2,53,47,44,13,13,13,4,4,4,5,5,5,4.16666667,4.5,3.75,4,3.91666667,3.83333333,3.58333333,3.41666667,3.41666667,2.25,2.25,2.83333333,3.08333333,3.41666667,3.16666667
"113",114,4.5,3.08333333,1,2,3,5.052910053,-0.552910053,-0.583100779,2.361111111,3.916666667,4.388888889,4.083333333,2.305555556,0.079763807,0.950734632,0.924602418,0.361316367,-2.523909504,3.111111111,3.777777778,3,3.296296296,2.1,2.2,1.85,42,44,37,13,13,13,3,4,4,3,3,3,4,4.08333333,4.16666667,4.25,4.5,4.41666667,3.83333333,4,3.91666667,2.83333333,2.08333333,2.16666667,2.33333333,2.16666667,2.41666667
"114",115,NA,3.91666667,0,2,2,4.560846561,0.177248677,-0.232243287,2.833333333,3.138888889,4.444444444,3.638888889,2.722222222,0.819316838,-0.638910391,1.028711823,-0.682566523,-1.636272964,3.111111111,2.777777778,3,2.962962963,2.25,2.4,1.2,45,48,24,2,2,2,2,2,2,2,2,1,3.66666667,3.66666667,3.58333333,4.83333333,4.16666667,4.33333333,3.41666667,2.91666667,3.08333333,2.75,2.58333333,3.16666667,2.41666667,3,2.75
"115",116,2,3.375,1,2,3,4.888888889,-0.079365079,-0.12698604,1.722222222,3.517676768,3.972222222,4.388888889,2.722222222,-0.920807941,0.13526738,0.143781882,1.078985853,-1.636272964,3.666666667,3,3.111111111,3.259259259,1.85,1.5,1.4,37,30,28,1,1,1,1,1,1,1,1,1,4.5,4.33333333,4.33333333,4.16666667,3.91666667,3.83333333,3.5,3.41666667,3.63636364,1.66666667,1.75,1.75,2.75,2.66666667,2.75
"116",117,3,4,1,2,2,5.063492063,-0.03968254,0.188785703,2.194444444,3.277777778,3.722222222,3.75,3.361111111,-0.18125491,-0.355045209,-0.32471044,-0.4215958,-0.27523027,3.555555556,4.444444444,2.222222222,3.407407407,2.3,1.55,2.3,46,31,46,1,1,1,1,1,1,1,1,1,3.66666667,3.66666667,3.91666667,3.75,3.91666667,3.5,3.41666667,3.08333333,3.33333333,2.41666667,1.83333333,2.33333333,3.5,3.33333333,3.25
"117",118,4,4.625,1,2,4,5.30952381,0.119047619,0.785243439,2.444444444,4.305555556,3.083333333,4.722222222,4.277777778,0.210273165,1.745557144,-1.521968597,1.86189802,1.677570117,3.333333333,3.222222222,4.666666667,3.740740741,2.6,2.6,2.5,52,52,50,13,13,13,5,4,4,5,6,5,4.5,4.91666667,4.75,3,3.25,3,4.16666667,4.25,4.5,2.25,2.66666667,2.41666667,4.33333333,4.08333333,4.41666667
"118",119,4,4.58333333,1,2,4,5.664021164,0.169312169,1.381701174,1.25,4.444444444,4.361111111,4.222222222,4.333333333,-1.660360973,2.029422327,0.872547716,0.687529769,1.795921655,3.555555556,3.888888889,3.888888889,3.777777778,2.9,2.7,2.05,58,54,41,13,4,13,3,3,3,3,3,3,4.41666667,3.91666667,4.33333333,3.91666667,4.58333333,4.58333333,4.33333333,4.33333333,4.66666667,1.16666667,1.58333333,1,4.33333333,4,4.66666667
"119",120,4,3.58333333,1,2,2,5.222222222,0.03968254,0.539643194,2.444444444,3.111111111,3.555555556,3.638888889,3.027777778,0.210273165,-0.695683428,-0.637038655,-0.682566523,-0.985339502,3.888888889,3.888888889,3.777777778,3.851851852,1.75,2.7,2.5,35,54,50,2,3,3,3,3,3,3,3,3,3.66666667,3.75,3.5,3.5,3.41666667,3.75,3.41666667,3.08333333,2.83333333,2.58333333,2.25,2.5,3,2.83333333,3.25
"120",121,1.5,3.54166667,1,1,4,4.507936508,0.03968254,-0.512929281,2.75,2.805555556,3.611111111,4.027777778,3.888888889,0.688807479,-1.32018683,-0.53292925,0.230831005,0.849109347,3.333333333,3.777777778,2.888888889,3.333333333,2.1,2,2.2,42,40,44,13,3,13,4,5,4,4,4,4,4.25,3.83333333,4,3.25,3.33333333,4.25,2.75,2.83333333,2.83333333,2.75,3.08333333,2.41666667,3.66666667,4,4
"121",122,5,3.66666667,1,2,4,5.021164021,0.193121693,0.469471696,1.666666667,3.805555556,3.222222222,4.472222222,4.166666667,-1.00781418,0.723642486,-1.261695084,1.274713895,1.44086704,4.888888889,4.555555556,4.888888889,4.777777778,2.5,2.55,2.55,50,51,51,3,3,3,3,3,4,4,3,4,4.25,4.58333333,4.58333333,3.58333333,3,3.08333333,3.75,3.91666667,3.75,1.75,1.66666667,1.58333333,4.33333333,4.25,3.91666667
"122",123,4,3.95833333,1,2,3,5.44973545,0.074074074,0.925586435,1.777777778,3.555555556,3.638888889,4.222222222,2.638888889,-0.833801702,0.212685157,-0.480874548,0.687529769,-1.813800272,4.222222222,4.333333333,3.444444444,4,2.2,2.15,2.45,44,43,49,8,6,8,8,8,8,8,9,9,4.08333333,4.41666667,4.16666667,3.41666667,3.58333333,3.91666667,3.41666667,3.75,3.5,2,2.08333333,1.25,2.5,2.5,2.91666667
"123",124,NA,3.91666667,1,1,1,3.873015873,-0.396825397,-2.091787993,3.416666667,3.666666667,3.305555556,3.333333333,4.055555556,1.732882347,0.439777303,-1.105530977,-1.400236009,1.204163962,3.555555556,2.888888889,4.111111111,3.518518519,1.55,1.4,1.4,31,28,28,2,2,1,2,2,1,1,1,2,3.33333333,3.33333333,3.33333333,3.41666667,3.25,3.25,3.58333333,3.83333333,3.58333333,3.66666667,3.25,3.33333333,4,3.91666667,4.25
"124",125,3.5,4.20833333,1,2,2,5.034391534,0.084656085,0.329128699,2.416666667,3.888888889,3.805555556,3.861111111,3.166666667,0.166770046,0.893961596,-0.168546333,-0.160625078,-0.689460655,4,4.222222222,3.777777778,4,2.15,2.45,2,43,49,40,13,13,4,4,3,3,3,3,4,3.58333333,4.08333333,3.91666667,4.16666667,3.83333333,3.41666667,4,4,3.66666667,2.33333333,2.33333333,2.58333333,3.41666667,3.16666667,2.91666667
"125",126,4,3.91666667,0,5,3,4.580952381,-0.223809524,-0.793615274,1.916666667,3.708333333,4.166666667,4.166666667,3.5,-0.616286105,0.524936858,0.508164799,0.557044408,0.020648576,NA,NA,NA,NA,2.6,2.45,NA,52,49,NA,3,3,3,3,3,NA,NA,NA,NA,4,4.33333333,NA,4.25,4.08333333,NA,3.75,3.66666667,NA,2,1.83333333,NA,3.5,3.5,NA
"126",127,NA,3.75,1,2,4,4.976631393,0.213844797,0.434385947,2.777777778,3.694444444,4.222222222,4.027777778,3.527777778,0.732310599,0.49655034,0.612274204,0.230831005,0.079824346,3.333333333,3.444444444,3.333333333,3.37037037,2.157894737,2.2,2.1,43.15789474,44,42,3,13,3,3,3,2,2,3,3,3.83333333,4.16666667,4.08333333,4.16666667,4.25,4.25,3.5,3.91666667,3.66666667,2.58333333,2.75,3,3.41666667,3.66666667,3.5
"127",128,2,3.625,1,2,3,5.515873016,-0.349206349,0.399300198,1.75,3.527777778,4.75,4.166666667,2.944444444,-0.877304822,0.15591212,1.60131355,0.557044408,-1.16286681,4.888888889,4.666666667,4,4.518518519,1.9,2.3,1.95,38,46,39,2,1,1,1,1,1,1,1,2,3.58333333,4.25,4.66666667,4.5,4.75,5,3.33333333,3.83333333,3.41666667,1.66666667,2,1.58333333,2.25,3,3.58333333
"128",129,NA,3.83333333,1,2,1,5.521164021,0.121693122,1.101015181,1.888888889,3.638888889,4.472222222,3.888888889,3.611111111,-0.659789225,0.383004267,1.080766526,-0.095382397,0.257351654,4.333333333,3.555555556,4.111111111,4,2.55,2.45,2.7,51,49,54,3,1,2,2,3,3,3,4,3,3.83333333,3.83333333,4,4.5,4.5,4.41666667,3.58333333,3.75,3.58333333,2,1.75,1.91666667,3.58333333,3.66666667,3.58333333
"129",130,3,3.91666667,0,2,4,5.37037037,-0.132275132,0.504557445,1.75,3.777777778,3.861111111,4.5,3.777777778,-0.877304822,0.66686945,-0.064436928,1.339956575,0.612406269,4,4.222222222,3.666666667,3.962962963,2.3,2.2,2.4,46,44,48,4,4,4,5,4,5,5,5,5,4.58333333,4.5,4.41666667,3.58333333,4.16666667,3.83333333,3.58333333,3.83333333,3.91666667,1.66666667,1.75,1.83333333,3.66666667,3.75,3.91666667
"130",131,2,3.5,1,1,1,4.05026455,-0.097883598,-1.39007301,2.888888889,3.03030303,3.638888889,3.388888889,3,0.906323077,-0.860841352,-0.480874548,-1.269750648,-1.044515271,3.222222222,2.888888889,3,3.037037037,1.55,1.05,1.95,31,21,39,1,1,1,1,1,1,1,1,NA,3.33333333,3.41666667,3.41666667,3.83333333,3.5,3.58333333,3.09090909,2.91666667,3.08333333,2.91666667,2.66666667,3.08333333,2.83333333,2.83333333,3.33333333
"131",132,2,4.25,0,1,2,5.044973545,0.383597884,0.785243439,1.722222222,4.027777778,4.694444444,3.805555556,4.111111111,-0.920807941,1.177826779,1.497204145,-0.291110439,1.322515501,4,4.444444444,3.888888889,4.111111111,2.75,2.3,2.5,55,46,50,8,8,8,5,8,8,7,8,7,3.41666667,3.83333333,4.16666667,4.66666667,4.91666667,4.5,4.25,3.91666667,3.91666667,2,1.58333333,1.58333333,4.25,4,4.08333333
"132",133,2.5,3.41666667,1,1,3,4.621693122,-0.312169312,-0.863786772,2.222222222,3.25,3.444444444,4.388888889,3.805555556,-0.137751791,-0.411818245,-0.845257465,1.078985853,0.671582039,3,3,2.888888889,2.962962963,2,2.1,1.8,40,42,36,4,4,4,5,5,6,6,7,7,4.5,4.33333333,4.33333333,3.25,3.33333333,3.75,3.25,3.16666667,3.33333333,2.5,2.08333333,2.08333333,4,3.75,3.66666667
"133",134,3,3.58333333,1,1,4,4.973544974,-0.402116402,-0.477843531,2.416666667,3.722222222,4.277777778,3.777777778,3.194444444,0.166770046,0.553323376,0.716383609,-0.35635312,-0.630284886,3.555555556,3.777777778,3.444444444,3.592592593,2,1.7,1.75,40,34,35,13,13,13,4,4,4,4,4,4,3.66666667,3.83333333,3.83333333,4.5,4.16666667,4.16666667,3.58333333,3.83333333,3.75,2.75,2.25,2.25,3,3.25,3.33333333
"134",135,2.5,3.5,1,1,4,5.375661376,0.243386243,1.065929432,2.611111111,3.722222222,3.666666667,4.305555556,3.361111111,0.471291882,0.553323376,-0.428819845,0.883257811,-0.27523027,4.222222222,4.777777778,4.222222222,4.407407407,2.55,2.65,2.5,51,53,50,8,9,9,12,10,10,10,13,13,4.25,4.25,4.41666667,3.66666667,3.75,3.58333333,3.75,3.66666667,3.75,3,2.66666667,2.16666667,3.5,3.25,3.33333333
"135",136,NA,4.125,1,2,4,5.476190476,0.047619048,0.925586435,1.944444444,4.277777778,4.611111111,4.25,3.472222222,-0.572782986,1.688784108,1.341040038,0.75277245,-0.038527193,4.444444444,4.444444444,4.111111111,4.333333333,2.5,NA,2.5,50,NA,50,13,4,4,5,5,5,6,6,6,4,4.25,4.5,4.5,4.66666667,4.66666667,4.08333333,3.91666667,4.83333333,2.08333333,2.41666667,1.33333333,3.33333333,3.25,3.83333333
"136",137,4,3.625,1,2,4,5.412698413,-0.150793651,0.539643194,1.805555556,3.75,4.333333333,4.388888889,3.027777778,-0.790298583,0.610096413,0.820493013,1.078985853,-0.985339502,3.777777778,3.777777778,3.444444444,3.666666667,2.5,2.65,2.7,50,53,54,3,3,2,2,2,2,2,2,2,4.41666667,4.25,4.5,4,4.5,4.5,3.5,4.16666667,3.58333333,2.66666667,1.25,1.5,3.33333333,3,2.75
"137",138,NA,2.91666667,1,1,1,2.829365079,0,-3.044950845,4.166666667,2.916666667,3.333333333,3.416666667,2.833333333,2.907466573,-1.093094684,-1.053476275,-1.204507967,-1.399569887,NA,NA,NA,NA,0.85,NA,NA,17,NA,NA,2,NA,NA,NA,NA,NA,NA,NA,NA,3.41666667,NA,NA,3.33333333,NA,NA,2.91666667,NA,NA,4.16666667,NA,NA,2.83333333,NA,NA
"138",139,4,3.54166667,1,1,4,4.814814815,0.328042328,0.364214449,2.027777778,3.527777778,3.694444444,4.166666667,3.388888889,-0.442273627,0.15591212,-0.376765143,0.557044408,-0.216054501,2.333333333,2.222222222,3,2.518518519,2.4,2.2,1.95,48,44,39,4,4,3,6,6,6,5,4,4,4.08333333,4.08333333,4.33333333,4,3.5,3.58333333,3.83333333,3.41666667,3.33333333,2,2.33333333,1.75,3.83333333,3.16666667,3.16666667
"139",140,3,3.83333333,0,2,4,4.145502646,-0.05026455,-1.179558515,3.027777778,3.694444444,2.527777778,3.361111111,3.583333333,1.123838674,0.49655034,-2.563062645,-1.334993328,0.198175884,3.666666667,4,3.111111111,3.592592593,2.25,1.8,1.75,45,36,35,9,9,9,13,10,12,3,3,3,3.33333333,3.41666667,3.33333333,2.66666667,2.41666667,2.5,3.66666667,3.5,3.91666667,3,3.58333333,2.5,3.83333333,3.25,3.66666667
"140",141,2.5,3.125,0,1,3,4.756613757,-0.518518519,-0.96904402,2.805555556,2.972222222,3.944444444,3.138888889,3.555555556,0.775813718,-0.979548611,0.091727179,-1.856934773,0.139000115,3.222222222,3.333333333,2.777777778,3.111111111,2,2.1,2.05,40,42,41,4,4,4,5,5,5,5,5,5,2.83333333,3.33333333,3.25,4.33333333,3.83333333,3.66666667,2.83333333,3.25,2.83333333,3,2.58333333,2.83333333,3.83333333,3.41666667,3.41666667
"141",142,1,2.91666667,1,1,1,4.783068783,-0.354497354,-0.688358026,2.111111111,3.222222222,4.361111111,3.611111111,3.055555556,-0.311764269,-0.468591282,0.872547716,-0.747809203,-0.926163733,3.777777778,2.111111111,3.222222222,3.037037037,1.95,1.75,2.05,39,35,41,1,2,1,1,1,1,2,2,2,3.5,3.16666667,4.16666667,4.58333333,4.33333333,4.16666667,3.08333333,3,3.58333333,1.91666667,2.41666667,2,3.16666667,3,3
"142",143,2,3.58333333,1,1,2,4.748677249,0.346560847,0.29404295,2.611111111,3.527777778,4.111111111,4.138888889,3.416666667,0.471291882,0.15591212,0.404055394,0.491801728,-0.156878732,4,4.444444444,3.777777778,4.074074074,2.25,2.4,2.65,45,48,53,13,5,5,5,4,5,4,10,4,4.41666667,3.75,4.25,4.33333333,4,4,3.5,3.66666667,3.41666667,2.33333333,2.41666667,3.08333333,3.58333333,3.33333333,3.33333333
"143",144,NA,4.33333333,0,2,4,5.388888889,-0.079365079,0.609814693,1.5,3.833333333,4.458333333,4.25,2.958333333,-1.268832897,0.780415523,1.054739174,0.75277245,-1.133278925,NA,NA,NA,NA,2.7,NA,2.65,54,NA,53,2,2,NA,NA,NA,NA,NA,NA,1,4.33333333,NA,4.16666667,4.58333333,NA,4.33333333,3.91666667,NA,3.75,1.25,NA,1.75,3,NA,2.91666667
"144",145,4,3.875,0,1,4,4.447089947,-0.304232804,-1.109387016,2.25,3.416666667,3.777777778,3.972222222,3.25,-0.094248671,-0.071180026,-0.220601035,0.100345644,-0.511933347,4.111111111,3.888888889,4.333333333,4.111111111,1.9,2.05,1.85,38,41,37,4,4,5,6,6,6,6,4,4,3.91666667,3.83333333,4.16666667,3.66666667,3.83333333,3.83333333,3.5,3.66666667,3.08333333,2.25,2.41666667,2.08333333,3.41666667,2.91666667,3.41666667
"145",146,4,3.41666667,1,2,2,5.092592593,0.074074074,0.399300198,1.916666667,2.916666667,3.25,3.861111111,3.138888889,-0.616286105,-1.093094684,-1.209640382,-0.160625078,-0.748636425,3.333333333,3.444444444,3.111111111,3.296296296,2,1.75,1.75,40,35,35,2,2,3,2,2,2,2,2,2,4.25,3.66666667,3.66666667,3.5,3.16666667,3.08333333,3.33333333,2.91666667,2.5,1.66666667,1.91666667,2.16666667,3.41666667,3.16666667,2.83333333
"146",147,2.5,3.16666667,0,2,2,4.261904762,-0.547619048,-1.740930501,2.305555556,3.111111111,3.027777778,3.777777778,3,-0.007242432,-0.695683428,-1.626078001,-0.35635312,-1.044515271,3,2.444444444,2.111111111,2.518518519,1.5,1.8,1.6,30,36,32,2,2,2,2,2,1,1,1,1,3.91666667,3.83333333,3.58333333,3,3.16666667,2.91666667,3.33333333,3.08333333,2.91666667,2.5,2.25,2.16666667,3.33333333,2.91666667,2.75
"147",148,NA,2.75,0,2,1,2.761904762,0,-3.144360468,3.833333333,3.083333333,2.583333333,3,3.25,2.385429139,-0.752456464,-2.458953241,-2.183148176,-0.511933347,NA,NA,NA,NA,1.45,NA,NA,29,NA,NA,1,NA,NA,NA,NA,NA,NA,NA,NA,3,NA,NA,2.58333333,NA,NA,3.08333333,NA,NA,3.83333333,NA,NA,3.25,NA,NA
"148",149,1,3.83333333,1,2,3,5.277777778,-0.087301587,0.434385947,1.916666667,3.361111111,3.583333333,3.638888889,4.108585859,-0.616286105,-0.184726099,-0.584983953,-0.682566523,1.317135886,3.888888889,4.666666667,4,4.185185185,2.647058824,2.15,2.25,52.94117647,43,45,1,1,1,1,1,2,2,1,2,3.33333333,3.58333333,4,3.41666667,3.75,3.58333333,3.41666667,3.16666667,3.5,2.08333333,2.25,1.41666667,3.90909091,4.16666667,4.25
"149",150,2,3.29166667,1,1,4,3.854497354,-0.187830688,-1.811102,3.833333333,2.722222222,3.111111111,3.888888889,4.027777778,2.385429139,-1.49050594,-1.469913894,-0.095382397,1.144988193,3,3.222222222,2.666666667,2.962962963,1.85,2.35,1.65,37,47,33,2,1,1,2,2,3,2,1,1,4.16666667,3.58333333,3.91666667,2.66666667,3.41666667,3.25,2.75,2.83333333,2.58333333,4.41666667,3.91666667,3.16666667,4.41666667,3.83333333,3.83333333
"150",151,NA,3.95833333,1,2,2,5.563492063,0.26984127,1.381701174,1.583333333,3.636363636,3.363636364,4.25,3.5,-1.138323539,0.377843082,-0.996689326,0.75277245,0.020648576,NA,NA,NA,NA,2.65,NA,NA,53,NA,NA,13,3,3,NA,NA,NA,NA,NA,NA,4.25,NA,NA,3.36363636,NA,NA,3.63636364,NA,NA,1.58333333,NA,NA,3.5,NA,NA
"151",152,3,3.54166667,1,1,2,5.074074074,-0.288359788,-0.162071789,2.5,4.666666667,4.666666667,4.694444444,3.388888889,0.297279404,2.483606619,1.445149443,1.796655339,-0.216054501,4,4.666666667,3.444444444,4.037037037,2.45,2.3,2.05,49,46,41,3,3,3,3,4,3,3,3,3,4.83333333,4.5,4.75,4.91666667,4.5,4.58333333,4.66666667,4.5,4.83333333,2.5,2.75,2.25,3.33333333,3.5,3.33333333
"152",153,NA,3.25,1,1,2,4.984126984,0.063492063,0.223871452,1.972222222,4.277777778,4.666666667,4.194444444,3.722222222,-0.529279866,1.688784108,1.445149443,0.622287089,0.494054731,3.888888889,2.888888889,2.888888889,3.222222222,2.25,2.25,2.421052632,45,45,48.42105263,5,4,4,6,5,5,5,5,5,4.16666667,4.33333333,4.08333333,4.66666667,4.75,4.58333333,4.41666667,4.41666667,4,1.66666667,2.08333333,2.16666667,3.83333333,4,3.33333333
"153",154,3,4.58333333,1,2,2,5.015873016,0.031746032,0.223871452,2.055555556,2.944444444,4.277777778,3.277777778,2.805555556,-0.398770508,-1.036321647,0.716383609,-1.53072137,-1.458745656,3.666666667,3.444444444,2.333333333,3.148148148,2.65,1.9,2,53,38,40,1,1,1,1,1,1,1,1,2,3.25,2.91666667,3.66666667,4.33333333,4,4.5,2.83333333,3.08333333,2.91666667,2.25,2.25,1.66666667,2.25,3.16666667,3
"154",155,4,4.29166667,0,2,2,4.714285714,0.333333333,0.223871452,2.5,3.972222222,3.916666667,4.194444444,3.722222222,0.297279404,1.064280705,0.039672477,0.622287089,0.494054731,3.888888889,3.444444444,3.777777778,3.703703704,2.35,2.35,1.85,47,47,37,1,1,2,1,1,1,1,1,1,4,4.41666667,4.16666667,3.91666667,3.91666667,3.91666667,4.25,4.25,3.41666667,2.33333333,2.5,2.66666667,3.75,4.08333333,3.33333333
"155",156,4,4.66666667,1,1,4,4.703703704,-0.013227513,-0.302414786,3.527777778,3.416666667,3.222222222,3.805555556,3.833333333,1.906894825,-0.071180026,-1.261695084,-0.291110439,0.730757808,3.777777778,4.777777778,3.777777778,4.111111111,2.75,2.4,2.4,55,48,48,3,3,3,3,3,3,3,3,3,3.66666667,3.75,4,3.16666667,3.41666667,3.08333333,3.33333333,3.5,3.41666667,3.5,3.58333333,3.5,3.91666667,3.83333333,3.75
"156",157,4,3.41666667,0,1,4,5.267195767,0.08994709,0.679986191,2.472222222,3.833333333,4.611111111,4,3.555555556,0.253776285,0.780415523,1.341040038,0.165588325,0.139000115,3.333333333,4.111111111,2.333333333,3.259259259,1.7,1.75,1.35,34,35,27,12,12,6,6,7,6,9,9,9,4.16666667,4,3.83333333,4.58333333,4.41666667,4.83333333,3.91666667,3.33333333,4.25,2.25,3.16666667,2,3.66666667,3.41666667,3.58333333
"157",158,NA,4.20833333,1,2,3,5.045855379,0.120811287,0.399300198,2.444444444,3.888888889,4.25,3.472222222,3.361111111,0.210273165,0.893961596,0.664328906,-1.074022606,-0.27523027,2.666666667,3.555555556,2.555555556,2.925925926,2.7,2.4,2.333333333,54,48,46.66666667,13,3,3,3,3,2,2,2,2,3.5,3.08333333,3.83333333,4.16666667,4.75,3.83333333,4,4,3.66666667,2.33333333,2.41666667,2.58333333,3.33333333,3.41666667,3.33333333
"158",159,5,2.75,0,1,4,5.473544974,-0.068783069,0.750157689,1.777777778,3.333333333,3.888888889,3.166666667,3.611111111,-0.833801702,-0.241499135,-0.012382226,-1.791692092,0.257351654,3.888888889,4.666666667,2.555555556,3.703703704,2.75,2.6,2.45,55,52,49,13,3,4,9,9,5,8,7,9,2.83333333,3.25,3.41666667,3.83333333,3.83333333,4,3.25,3.25,3.5,2,1.66666667,1.66666667,3.75,3.5,3.58333333
"159",160,3,3.29166667,0,1,4,5.214285714,-0.119047619,0.29404295,1.777777778,3.416666667,3.527777778,3.555555556,3.75,-0.833801702,-0.071180026,-0.689093357,-0.878294564,0.5532305,1.888888889,2.555555556,4,2.814814815,2,1.9,2.05,40,38,41,8,9,8,11,10,10,8,11,11,3.75,3.5,3.41666667,3.25,3.66666667,3.66666667,3.25,3.58333333,3.41666667,1.83333333,1.66666667,1.83333333,3.91666667,3.58333333,3.75
"160",161,3,3.20833333,0,1,4,4.470899471,-0.018518519,-0.653272277,2.555555556,2.861111111,3.25,3.833333333,3.111111111,0.384285643,-1.206640757,-1.209640382,-0.225867759,-0.807812194,2.333333333,2.666666667,3,2.666666667,2.2,2.1,1.95,44,42,39,5,13,13,5,5,5,5,4,4,3.83333333,3.91666667,3.75,3.08333333,3.25,3.41666667,2.75,2.91666667,2.91666667,2.83333333,2.33333333,2.5,3.25,3.08333333,3
"161",162,3,3.25,1,1,4,5.253968254,0.26984127,0.925586435,2.194444444,3.277777778,3.472222222,4.388888889,4.027777778,-0.18125491,-0.355045209,-0.793202762,1.078985853,1.144988193,2.777777778,3.222222222,3.666666667,3.222222222,1.7,1.35,1.15,34,27,23,8,8,9,11,13,11,12,13,13,4.41666667,4.25,4.5,3.83333333,3.08333333,3.5,3.41666667,3.25,3.16666667,2.08333333,2.33333333,2.16666667,4.41666667,3.91666667,3.75
"162",163,3,2.58333333,1,1,4,3.986772487,0.156084656,-1.109387016,3.5,3.138888889,3.888888889,3.722222222,3.833333333,1.863391705,-0.638910391,-0.012382226,-0.486838481,0.730757808,3.444444444,3.222222222,3.444444444,3.37037037,2.35,1.95,1.95,47,39,39,6,6,8,7,7,7,7,10,10,4,3.58333333,3.58333333,4.66666667,3.83333333,3.16666667,3.41666667,3.08333333,2.91666667,3.83333333,3.58333333,3.08333333,4.08333333,3.83333333,3.58333333
"163",164,NA,4,1,2,2,4.805555556,0.146825397,0.083528455,2.708333333,3.791666667,3.041666667,3.708333333,2.833333333,0.6235528,0.695255968,-1.60005065,-0.519459821,-1.399569887,NA,NA,NA,NA,2.1,NA,1.9,42,NA,38,3,3,3,NA,NA,NA,3,3,3,3.83333333,NA,3.58333333,2.91666667,NA,3.16666667,3.83333333,NA,3.75,2.83333333,NA,2.58333333,3,NA,2.66666667
